1159897010,190645002757,BASE TIGHT Blackout Topo Map XXL
1159897008,190645002764,BASE TIGHT BLACKOUT Medium
1159897009,190645002771,BASE TIGHT Blackout Topo Map Medium
1159897007,190645002788,BASE TIGHT BLACKOUT Large
1159897004,190645002795,BASE TIGHT Blackout Topo Map Large
1159897006,190645002801,BASE TIGHT BLACKOUT Small
1159897005,190645002818,BASE TIGHT Blackout Topo Map Small
1170581001,190645003198,O-THALIA OAKLEY Bright Cerulean Xlarge
1170581002,190645003204,O-THALIA OAKLEY Bright Cerulean XXL
1170581003,190645003211,O-THALIA OAKLEY Bright Cerulean Medium
1170581004,190645003228,O-THALIA OAKLEY Bright Cerulean Large
1170581005,190645003235,O-THALIA OAKLEY Bright Cerulean Small
1170360001,190645003341,FREEFALL 15K BZ CALIFORNIA BLUE Xlarge
1165913001,190645003358,FREEFALL 15K BZI JACKE BLACKOUT Xlarge
1165913002,190645003365,FREEFALL 15K BZI JACKET Rye Xlarge
1170360002,190645003372,FREEFALL 15K BZI J CALIFORNIA BLUE XXL
1165913003,190645003389,FREEFALL 15K BZI JACKET BLACKOUT XXL
1165913004,190645003396,FREEFALL 15K BZI JACKET Rye XXL
1170360003,190645003402,FREEFALL 15K BZI CALIFORNIA BLUE Large
1165913005,190645003419,FREEFALL 15K BZI JACKET BLACKOUT Large
1165913006,190645003426,FREEFALL 15K BZI JACKET Rye Large
1170360004,190645003433,FREEFALL 15K BZI CALIFORNIA BLUE Small
1165913007,190645003440,FREEFALL 15K BZI JACKET BLACKOUT Small
1165913008,190645003457,FREEFALL 15K BZI JACKET Rye Small
1170360005,190645003464,FREEFALL 15K BZ CALIFORNIA BLUE Medium
1165913009,190645003471,FREEFALL 15K BZI JACKE BLACKOUT Medium
1165913010,190645003488,FREEFALL 15K BZI JACKET Rye Medium
1170647001,190645003495,DWR ELLIPSE FZ CALIFORNIA BLUE Xlarge
1165958001,190645003518,DWR ELLIP Athletic Heather Grey Xlarge
1165958002,190645003525,DWR ELLIPSE FZ HOODIE BLACKOUT Xlarge
1170647002,190645003532,DWR ELLIPSE FZ HOO CALIFORNIA BLUE XXL
1170647003,190645003556,DWR ELLIPSE Athletic Heather Grey XXL
1170647004,190645003563,DWR ELLIPSE FZ HOODIE BLACKOUT XXL
1170647005,190645003570,DWR ELLIPSE FZ CALIFORNIA BLUE Medium
1165958003,190645003594,DWR ELLIP Athletic Heather Grey Medium
1165958004,190645003600,DWR ELLIPSE FZ HOODIE BLACKOUT Medium
1170647006,190645003617,DWR ELLIPSE FZ H CALIFORNIA BLUE Large
1165958005,190645003631,DWR ELLIPS Athletic Heather Grey Large
1165958006,190645003648,DWR ELLIPSE FZ HOODIE BLACKOUT Large
1170647007,190645003655,DWR ELLIPSE FZ H CALIFORNIA BLUE Small
1165958007,190645003679,DWR ELLIPS Athletic Heather Grey Small
1165958008,190645003686,DWR ELLIPSE FZ HOODIE BLACKOUT Small
1165919001,190645003693,MARSHALL 10K BZI JACKE BLACKOUT Xlarge
1165919002,190645003709,MARSHALL 10K BZI J WARNING CAMO Xlarge
1165919003,190645003716,MARSHALL 10K BZI JACKET BLACKOUT XXL
1165919004,190645003723,MARSHALL 10K BZI JACK WARNING CAMO XXL
1165919005,190645003730,MARSHALL 10K BZI JACKE BLACKOUT Medium
1165919006,190645003747,MARSHALL 10K BZI J WARNING CAMO Medium
1165919007,190645003754,MARSHALL 10K BZI JACKET BLACKOUT Large
1165919008,190645003761,MARSHALL 10K BZI JA WARNING CAMO Large
1165919009,190645003778,MARSHALL 10K BZI JACKET BLACKOUT Small
1165919010,190645003785,MARSHALL 10K BZI JA WARNING CAMO Small
1165917001,190645003792,DIVISION 10K BZI JACKE BLACKOUT Xlarge
1170363001,190645003808,DIVISION 10K BZI JACKET Fathom Xlarge
1165917002,190645003815,DIVISION 10K BZI JAC Dark Brush Xlarge
1165917003,190645003822,DIVISION 10K BZI J WARNING CAMO Xlarge
1165917004,190645003839,DIVISION 10K BZI JACKET BLACKOUT XXL
1170363002,190645003846,DIVISION 10K BZI JACKET Fathom XXL
1165917005,190645003853,DIVISION 10K BZI JACKET Dark Brush XXL
1165917006,190645003860,DIVISION 10K BZI JACK WARNING CAMO XXL
1165917007,190645003877,DIVISION 10K BZI JACKE BLACKOUT Medium
1170363003,190645003884,DIVISION 10K BZI JACKET Fathom Medium
1165917008,190645003891,DIVISION 10K BZI JAC Dark Brush Medium
1165917009,190645003907,DIVISION 10K BZI J WARNING CAMO Medium
1165917010,190645003914,DIVISION 10K BZI JACKET BLACKOUT Large
1170363004,190645003921,DIVISION 10K BZI JACKET Fathom Large
1165917011,190645003938,DIVISION 10K BZI JACK Dark Brush Large
1165917012,190645003945,DIVISION 10K BZI JA WARNING CAMO Large
1165917013,190645003952,DIVISION 10K BZI JACKET BLACKOUT Small
1170363005,190645003969,DIVISION 10K BZI JACKET Fathom Small
1165917014,190645003976,DIVISION 10K BZI JACK Dark Brush Small
1165917015,190645003983,DIVISION 10K BZI JA WARNING CAMO Small
1170358001,190645004065,SHOWCASE 3L GORE BZS Neon Orange Large
1171134001,190645004072,DWR FP P/O HOODIE Red Line XXL
1171134002,190645004089,DWR FP P/O H Athletic Heather Grey XXL
1171134003,190645004096,DWR FP P/O HOODIE CALIFORNIA BLUE XXL
1171134004,190645004102,DWR FP P/O HOODIE Fathom XXL
1171134005,190645004119,DWR FP P/O HOODIE BLACKOUT XXL
1171134006,190645004126,DWR FP P/O HOODIE Red Line XS
1165981001,190645004133,DWR FP P/O HO Athletic Heather Grey XS
1171134007,190645004140,DWR FP P/O HOODIE CALIFORNIA BLUE XS
1165981002,190645004157,DWR FP P/O HOODIE Fathom XS
1165981003,190645004164,UNKNOWN
1171134008,190645004171,DWR FP P/O HOODIE Red Line Small
1165981004,190645004188,DWR FP P/O Athletic Heather Grey Small
1171134009,190645004195,DWR FP P/O HOODI CALIFORNIA BLUE Small
1165628001,190645004201,DWR FP P/O HOODIE Fathom Small
1165981005,190645004218,DWR FP P/O HOODIE BLACKOUT Small
1171134010,190645004225,DWR FP P/O HOODIE Red Line Xlarge
1165981006,190645004232,DWR FP P/ Athletic Heather Grey Xlarge
1171134011,190645004249,DWR FP P/O HOOD CALIFORNIA BLUE Xlarge
1165981007,190645004256,DWR FP P/O HOODIE Fathom Xlarge
1165981008,190645004263,DWR FP P/O HOODIE BLACKOUT Xlarge
1171134012,190645004270,DWR FP P/O HOODIE Red Line Medium
1165981009,190645004287,DWR FP P/ Athletic Heather Grey Medium
1171134013,190645004294,DWR FP P/O HOOD CALIFORNIA BLUE Medium
1165981010,190645004300,DWR FP P/O HOODIE Fathom Medium
1165981011,190645004317,UNKNOWN
1171134014,190645004324,DWR FP P/O HOODIE Red Line Large
1165981012,190645004331,DWR FP P/O Athletic Heather Grey Large
1171134015,190645004348,DWR FP P/O HOODI CALIFORNIA BLUE Large
1165628002,190645004355,DWR FP P/O HOODIE Fathom Large
1165981013,190645004362,DWR FP P/O HOODIE BLACKOUT Large
1165931001,190645004379,UNKNOWN
1165931002,190645004386,UNKNOWN
1170407001,190645004393,SUNKING 10K BZI CALIFORNIA BLUE Xlarge
1170407002,190645004416,SUNKING 10K BZI PANT Fathom Xlarge
1165931003,190645004423,UNKNOWN
1165931004,190645004430,UNKNOWN
1170407003,190645004447,SUNKING 10K BZI PA CALIFORNIA BLUE XXL
1170407004,190645004461,SUNKING 10K BZI PANT Fathom XXL
1165931005,190645004478,UNKNOWN
1165931006,190645004485,UNKNOWN
1170407005,190645004492,SUNKING 10K BZI CALIFORNIA BLUE Medium
1170407006,190645004515,SUNKING 10K BZI PANT Fathom Medium
1165931007,190645004522,UNKNOWN
1165931008,190645004539,UNKNOWN
1170407007,190645004546,SUNKING 10K BZI CALIFORNIA BLUE Large
1170407008,190645004560,SUNKING 10K BZI PANT Fathom Large
1165931009,190645004577,UNKNOWN
1165931010,190645004584,UNKNOWN
1170407009,190645004591,SUNKING 10K BZI CALIFORNIA BLUE Small
1170407010,190645004614,SUNKING 10K BZI PANT Fathom Small
1165930001,190645004621,UNKNOWN
1165930002,190645004638,JACKPOT 10K BZS PANT BLACKOUT Xlarge
1170403001,190645004652,JACKPOT 10K BZS PANT Fathom Xlarge
1165930003,190645004669,JACKPOT 10K BZS PA WARNING CAMO Xlarge
1165930004,190645004676,UNKNOWN
1165930005,190645004683,JACKPOT 10K BZS PANT BLACKOUT XXL
1170403002,190645004706,JACKPOT 10K BZS PANT Fathom XXL
1165930006,190645004713,JACKPOT 10K BZS PANT WARNING CAMO XXL
1165930007,190645004720,UNKNOWN
1165930008,190645004737,JACKPOT 10K BZS PANT BLACKOUT Large
1170403003,190645004751,JACKPOT 10K BZS PANT Fathom Large
1165930009,190645004768,JACKPOT 10K BZS PAN WARNING CAMO Large
1165930010,190645004775,UNKNOWN
1165930011,190645004782,JACKPOT 10K BZS PANT BLACKOUT Small
1170403004,190645004805,JACKPOT 10K BZS PANT Fathom Small
1165930012,190645004812,JACKPOT 10K BZS PAN WARNING CAMO Small
1165930013,190645004829,UNKNOWN
1165930014,190645004836,JACKPOT 10K BZS PANT BLACKOUT Medium
1170403005,190645004850,JACKPOT 10K BZS PANT Fathom Medium
1165930015,190645004867,JACKPOT 10K BZS PA WARNING CAMO Medium
1165918001,190645004874,HIGHLINE 10K BZS JAC Dark Brush Xlarge
1165918002,190645004898,HIGHLINE 10K BZS JA Neon Orange Xlarge
1165918003,190645004904,HIGHLINE 10K BZS J WARNING CAMO Xlarge
1165918004,190645004911,HIGHLINE 10K BZS JACKET Dark Brush XXL
1165918005,190645004935,HIGHLINE 10K BZS JACKE Neon Orange XXL
1165918006,190645004942,HIGHLINE 10K BZS JACK WARNING CAMO XXL
1165918007,190645004959,HIGHLINE 10K BZS JACK Dark Brush Large
1165918008,190645004973,HIGHLINE 10K BZS JAC Neon Orange Large
1165918009,190645004980,HIGHLINE 10K BZS JA WARNING CAMO Large
1165918010,190645004997,HIGHLINE 10K BZS JACK Dark Brush Small
1165918011,190645005017,HIGHLINE 10K BZS JAC Neon Orange Small
1165918012,190645005024,HIGHLINE 10K BZS JA WARNING CAMO Small
1165918013,190645005031,HIGHLINE 10K BZS JAC Dark Brush Medium
1165918014,190645005055,HIGHLINE 10K BZS JA Neon Orange Medium
1165918015,190645005062,HIGHLINE 10K BZS J WARNING CAMO Medium
1165964001,190645005093,DWR CHAMBERS JACKET DARK SLATE Xlarge
1165964002,190645005109,DWR CHAMBERS JACKET BLACKOUT Xlarge
1165964003,190645005130,DWR CHAMBERS JACKET DARK SLATE XXL
1165964004,190645005147,DWR CHAMBERS JACKET BLACKOUT XXL
1180646007,190645005161,DWR CHAMBERS JACKET Fathom L
1165964005,190645005178,DWR CHAMBERS JACKET DARK SLATE Large
1165964006,190645005185,DWR CHAMBERS JACKET BLACKOUT Large
1180646006,190645005208,DWR CHAMBERS JACKET Fathom S
1165964007,190645005215,DWR CHAMBERS JACKET DARK SLATE Small
1165964008,190645005222,DWR CHAMBERS JACKET BLACKOUT Small
1180646004,190645005246,DWR CHAMBERS JACKET Fathom M
1165964009,190645005253,DWR CHAMBERS JACKET DARK SLATE Medium
1165964010,190645005260,DWR CHAMBERS JACKET BLACKOUT Medium
1170641001,190645005277,DWR ELKHORN JAC CALIFORNIA BLUE Xlarge
1165957001,190645005291,DWR ELKHORN JACKET BLACKOUT Xlarge
1170641002,190645005314,DWR ELKHORN JACKET CALIFORNIA BLUE XXL
1165957002,190645005338,DWR ELKHORN JACKET BLACKOUT XXL
1170641003,190645005352,DWR ELKHORN JACK CALIFORNIA BLUE Large
1165957003,190645005376,DWR ELKHORN JACKET BLACKOUT Large
1170641004,190645005390,DWR ELKHORN JACK CALIFORNIA BLUE Small
1165957004,190645005413,DWR ELKHORN JACKET BLACKOUT Small
1170641005,190645005437,DWR ELKHORN JAC CALIFORNIA BLUE Medium
1165957005,190645005451,DWR ELKHORN JACKET BLACKOUT Medium
1165911001,190645005475,UNKNOWN
1165911002,190645005482,UNKNOWN
1165911003,190645005499,UNKNOWN
1165911004,190645005505,UNKNOWN
1165911005,190645005512,UNKNOWN
1165911006,190645005529,UNKNOWN
1165911007,190645005536,UNKNOWN
1165911008,190645005543,UNKNOWN
1165969001,190645005550,SUNKING 10K BZS PANT Dark Brush Xlarge
1170915001,190645005567,SUNKING 10K BZS PAN Neon Orange Xlarge
1165969002,190645005574,UNKNOWN
1170915002,190645005581,SUNKING 10K BZS PANT Fathom Xlarge
1165969003,190645005598,SUNKING 10K BZS PA WARNING CAMO Xlarge
1165969004,190645005604,SUNKING 10K BZS PANT Dark Brush XXL
1170915003,190645005611,SUNKING 10K BZS PANT Neon Orange XXL
1165969005,190645005628,UNKNOWN
1170915004,190645005635,SUNKING 10K BZS PANT Fathom XXL
1165969006,190645005642,SUNKING 10K BZS PANT WARNING CAMO XXL
