1159897010,190645002757,BASE TIGHT Blackout Topo Map XXL
1159897008,190645002764,BASE TIGHT BLACKOUT Medium
1159897009,190645002771,BASE TIGHT Blackout Topo Map Medium
1159897007,190645002788,BASE TIGHT BLACKOUT Large
1159897004,190645002795,BASE TIGHT Blackout Topo Map Large
1159897006,190645002801,BASE TIGHT BLACKOUT Small
1159897005,190645002818,BASE TIGHT Blackout Topo Map Small
1170581001,190645003198,O-THALIA OAKLEY Bright Cerulean Xlarge
1170581002,190645003204,O-THALIA OAKLEY Bright Cerulean XXL
1170581003,190645003211,O-THALIA OAKLEY Bright Cerulean Medium
